iniciativa_id,planta_id,linea_id,categoria_iniciativa,tipo_iniciativa,quick_win_flag,initiative_class,mandatory_flag,compliance_flag,reliability_flag,financial_maturity_stage,financial_use_level,committee_claim_allowed_flag,committee_claim_caveat,capex_estimado,gross_technical_value,avoided_loss,net_captured_value,downside_adjusted_annual,annual_saving_proxy,discounted_value,downside_adjusted_value,cost_of_delay_12m,value_at_risk_95,screening_var_95_npv,robust_risk_metric_candidate_npv,npv_base,npv_risk_adjusted,irr_proxy_pct,screening_irr_pct,formal_irr_candidate_pct,formal_irr_candidate_flag,payback_months,implementation_burden,strategic_relevance_score,capital_efficiency,energy_saving_score,operational_impact_score,emissions_reduction_score,implementation_feasibility_score,payback_score,strategic_priority_score,financial_resilience_score,uncertainty_index,portfolio_objective_score,score_scaling_method,score_scale_version,component_score_comparability_tag,improvement_priority_comparability_tag,portfolio_objective_comparability_tag,objective_value_eur,improvement_priority_index,initiative_tier,selected_portfolio_flag,selection_variable_x,selection_model,optimizer_status,optimality_degree,portfolio_wave,portfolio_constraint_reason,portfolio_npv_contribution,portfolio_downside_value_contribution,recommended_sequence,main_business_case,decision_rule
INI_0000013,PLT_BIZ,PLT_BIZ_L04,EficienciaEnergetica,QuickWinOperativo,1,discretionary,0,0,0,screening,screening financiero,0,No committee-grade: usar solo para screening/pre-feasibility.,24582.39,780552.2505322101,174949.48382827023,550195.0349283671,395545.61426210427,550195.0349283671,2389103.6185039533,1710662.121964457,514480.84221231495,190233.444714147,826800.6432750374,1033500.8040937968,3356707.878257338,2389103.6185039533,250.0,250.0,0.0,0.0,3.0,41.16679436927532,62.48100000000001,81.91617935997154,55.5013949046981,0.0,100.0,86.11105790169084,100.0,56.29503238866398,90.83580923354184,47.31993567249626,83.6678921050646,anchored_reference_linear,anchored_reference_v1,absolute_comparable_inter_release,contextual_comparable_inter_release,contextual_comparable_inter_release,1979896.639987291,62.7081073897467,Tier 3,1,1,branch_and_bound_binary_selection,solved_exact,exact_for_formulation,OLA_1,seleccionada_modelo_optimizacion,2389103.6185039533,1710662.121964457,OLA_01,Optimización incremental orientada a valor,ejecutar ahora
INI_0000037,PLT_CAN,PLT_CAN_L02,EficienciaEnergetica,QuickWinOperativo,1,discretionary,0,0,0,screening,screening financiero,0,No committee-grade: usar solo para screening/pre-feasibility.,16798.48,732080.3200149358,168214.78172493514,509222.4721805131,363967.434116476,509222.4721805131,2217142.3560490217,1579913.681156451,476167.88543898053,178419.5844499643,775456.3208518034,969320.4010647542,3121670.912301422,2217142.3560490217,250.0,250.0,0.0,0.0,3.0,35.254348363803274,51.45525,110.90587632353784,50.27244950661565,0.0,100.0,98.15791040397086,100.0,39.083090080971665,85.05262307864535,52.454367914819656,82.40054587179122,anchored_reference_linear,anchored_reference_v1,absolute_comparable_inter_release,contextual_comparable_inter_release,contextual_comparable_inter_release,1828159.834265277,61.357430748729925,Tier 3,1,1,branch_and_bound_binary_selection,solved_exact,exact_for_formulation,OLA_1,seleccionada_modelo_optimizacion,2217142.3560490217,1579913.681156451,OLA_02,Optimización incremental orientada a valor,ejecutar ahora
INI_0000017,PLT_ALA,PLT_ALA_L01,EficienciaEnergetica,QuickWinOperativo,1,discretionary,0,0,0,screening,screening financiero,0,No committee-grade: usar solo para screening/pre-feasibility.,27344.07,768409.856876957,187911.37438264576,537069.2245093018,384085.1290592973,537069.2245093018,2328759.4760179035,1657623.7018475952,502207.0527914418,187273.11968456904,813940.1937804397,1017425.2422255496,3269639.956559407,2328759.4760179035,250.0,250.0,0.0,0.0,3.0,41.4219502901118,50.52574999999999,71.2705618989273,53.62663432883234,0.0,100.0,86.00474293467565,100.0,35.64311639676112,88.3466096480421,48.60598062195603,77.75843106935702,anchored_reference_linear,anchored_reference_v1,absolute_comparable_inter_release,contextual_comparable_inter_release,contextual_comparable_inter_release,1919070.736219752,60.08132231841874,Tier 3,1,1,branch_and_bound_binary_selection,solved_exact,exact_for_formulation,OLA_1,seleccionada_modelo_optimizacion,2328759.4760179035,1657623.7018475952,OLA_03,Optimización incremental orientada a valor,ejecutar ahora
INI_0000020,PLT_ALA,PLT_ALA_L01,TransformacionIndustrial,CAPEXTransformacional,0,discretionary,0,0,0,business_case_candidate,business case candidate (no final),1,Candidato para comité con caveat: requiere business case corporativo auditado.,961311.85,2745779.9445109023,644914.899710691,1105815.486957144,793399.5898692637,1105815.486957144,2984899.860918851,1870012.89622472,951765.7077384772,378446.7884847972,1272026.5653131288,1590033.2066414107,8170284.307898378,2984899.860918851,134.3809189355077,134.3809189355077,66.68775087749489,1.0,25.0,91.55331459484562,79.922,2.2469575804436865,100.0,3.86459842053756,100.0,9.204786627147657,36.666666666666664,79.54423481781375,91.01559219264826,2.7973434686871173,76.1472523117141,anchored_reference_linear,anchored_reference_v1,absolute_comparable_inter_release,contextual_comparable_inter_release,contextual_comparable_inter_release,2263228.609841179,53.608121152664864,Tier 3,1,1,branch_and_bound_binary_selection,solved_exact,exact_for_formulation,OLA_2,seleccionada_modelo_optimizacion,2984899.860918851,1870012.89622472,OLA_04,Candidato business case (requiere cierre financiero corporativo),ejecutar en siguiente ola
INI_0000039,PLT_CAN,PLT_CAN_L02,OptimizacionProceso,ControlAvanzado,0,discretionary,0,0,0,pre_feasibility,pre-feasibility,0,No committee-grade: usar solo para screening/pre-feasibility.,241518.37,1117343.6691908045,300009.1932740056,680609.901569711,488456.06351505866,680609.901569711,2607142.5319021745,1802891.6322983203,623962.0096962715,231983.8872463512,954218.469607516,1192773.087009395,4316902.979409866,2607142.5319021745,250.0,250.0,150.7504532152831,1.0,9.0,61.53164701406804,67.1255,8.693538537924816,70.82245046872538,1.2706629534096474,100.0,59.767936174693865,90.0,62.288022267206486,93.27779008427676,34.578153039248406,73.99008241326638,anchored_reference_linear,anchored_reference_v1,absolute_comparable_inter_release,contextual_comparable_inter_release,contextual_comparable_inter_release,2107661.7179562915,61.19199090731917,Tier 3,1,1,branch_and_bound_binary_selection,solved_exact,exact_for_formulation,OLA_1,seleccionada_modelo_optimizacion,2607142.5319021745,1802891.6322983203,OLA_05,Ahorro energético de captura rápida,ejecutar ahora
INI_0000009,PLT_BIZ,PLT_BIZ_L03,EficienciaEnergetica,QuickWinOperativo,1,discretionary,0,0,0,screening,screening financiero,0,No committee-grade: usar solo para screening/pre-feasibility.,21674.09,663648.8447810865,139828.84619061422,468249.0281097823,337139.30023904325,468249.0281097823,2032517.7072620431,1457344.0040286717,437854.1045510941,161743.01305289063,702971.3854856924,878714.2318571154,2861073.330976265,2032517.7072620431,250.0,250.0,0.0,0.0,3.0,35.86504323727173,50.60275000000001,79.30884989929658,45.016170320635545,0.0,100.0,97.90345420669232,100.0,35.74247267206478,80.0676861989056,59.70286145143076,72.19046488865348,anchored_reference_linear,anchored_reference_v1,absolute_comparable_inter_release,contextual_comparable_inter_release,contextual_comparable_inter_release,1686506.2982973503,59.87290522724693,Tier 3,1,1,branch_and_bound_binary_selection,solved_exact,exact_for_formulation,OLA_1,seleccionada_modelo_optimizacion,2032517.7072620431,1457344.0040286717,OLA_06,Optimización incremental orientada a valor,ejecutar ahora
INI_0000019,PLT_ALA,PLT_ALA_L01,OptimizacionProceso,ControlAvanzado,0,discretionary,0,0,0,pre_feasibility,pre-feasibility,0,No committee-grade: usar solo para screening/pre-feasibility.,256036.62,1177454.4724045466,336007.0291271286,676765.2915070514,480676.1594010836,676765.2915070514,2576532.8463481227,1755810.9575981868,620437.3906514072,235744.89086053023,969693.261181674,1212116.5764770927,4474695.928926634,2576532.8463481227,248.61090081682948,248.61090081682948,213.80075458742567,1.0,10.0,61.67154838223735,49.754,8.015021290682267,70.33663659388199,0.0,100.0,52.66437831295667,86.66666666666667,34.64729554655871,90.58563688147994,33.0306738818326,69.33595835249967,anchored_reference_linear,anchored_reference_v1,absolute_comparable_inter_release,contextual_comparable_inter_release,contextual_comparable_inter_release,2054141.47025117,56.34547395830415,Tier 3,1,1,branch_and_bound_binary_selection,solved_exact,exact_for_formulation,OLA_1,seleccionada_modelo_optimizacion,2576532.8463481227,1755810.9575981868,OLA_07,Ahorro energético de captura rápida,ejecutar ahora
INI_0000021,PLT_ALA,PLT_ALA_L02,EficienciaEnergetica,QuickWinOperativo,1,discretionary,0,0,0,screening,screening financiero,0,No committee-grade: usar solo para screening/pre-feasibility.,25771.92,652429.208518484,150708.82006937655,462504.2521072599,333003.0615172271,462504.2521072599,2003217.7496908945,1435100.642177444,432482.2327447927,159007.55661332316,691087.2390759161,863859.0488448951,2808078.944903011,2003217.7496908945,250.0,250.0,0.0,0.0,3.0,36.28004225632633,48.34875,65.39793514772254,43.987803238091416,0.0,100.0,97.73053794875293,100.0,32.834043522267194,79.14016349168732,60.89127609240839,68.5873495496018,anchored_reference_linear,anchored_reference_v1,absolute_comparable_inter_release,contextual_comparable_inter_release,contextual_comparable_inter_release,1661504.001108584,59.33073322738365,Tier 3,1,1,branch_and_bound_binary_selection,solved_exact,exact_for_formulation,OLA_1,seleccionada_modelo_optimizacion,2003217.7496908945,1435100.642177444,OLA_08,Optimización incremental orientada a valor,ejecutar ahora
INI_0000015,PLT_BIZ,PLT_BIZ_L04,OptimizacionProceso,ControlAvanzado,0,discretionary,0,0,0,pre_feasibility,pre-feasibility,0,No committee-grade: usar solo para screening/pre-feasibility.,359648.18,1188843.933846802,311052.5876398931,663469.8293848208,475930.94661307096,663469.8293848208,2417273.751639959,1632338.5314702594,608248.5240973127,226703.76716348453,932510.8599469484,1165638.5749336854,4485144.3497007415,2417273.751639959,205.3339560912403,205.3339560912403,155.6520086248227,1.0,12.0,62.485927365675785,67.62775,5.352860647503501,68.76759700506938,0.0,100.0,40.91108456985731,80.0,62.93609615384616,84.92106672107472,36.74891400530517,67.25692187235063,anchored_reference_linear,anchored_reference_v1,absolute_comparable_inter_release,contextual_comparable_inter_release,contextual_comparable_inter_release,1916663.834871407,56.071722368604306,Tier 3,1,1,branch_and_bound_binary_selection,solved_exact,exact_for_formulation,OLA_1,seleccionada_modelo_optimizacion,2417273.751639959,1632338.5314702594,OLA_09,Ahorro energético de captura rápida,ejecutar ahora
INI_0000033,PLT_CAN,PLT_CAN_L01,EficienciaEnergetica,QuickWinOperativo,1,discretionary,0,0,0,screening,screening financiero,0,No committee-grade: usar solo para screening/pre-feasibility.,39381.48,707117.8045200382,180246.9676566916,502069.8168137392,360934.96456110553,502069.8168137392,2163180.911885707,1544027.3452985312,469479.52236127434,172335.06971480884,749018.1973017104,936272.746627138,3022885.3082808875,2163180.911885707,250.0,250.0,0.0,0.0,3.0,37.29619776166508,37.98425,45.88225074440593,48.78765781943627,0.0,100.0,97.30713982152844,100.0,14.234737854251012,83.68616167656828,55.09818026982896,67.01415386152058,anchored_reference_linear,anchored_reference_v1,absolute_comparable_inter_release,contextual_comparable_inter_release,contextual_comparable_inter_release,1788836.5636002277,58.47851190817291,Tier 3,1,1,branch_and_bound_binary_selection,solved_exact,exact_for_formulation,OLA_1,seleccionada_modelo_optimizacion,2163180.911885707,1544027.3452985312,OLA_10,Optimización incremental orientada a valor,ejecutar ahora
INI_0000045,PLT_CAN,PLT_CAN_L04,EficienciaEnergetica,QuickWinOperativo,1,discretionary,0,0,0,screening,screening financiero,0,No committee-grade: usar solo para screening/pre-feasibility.,10541.91,573650.2239363731,121129.44865461478,389427.3335649964,278551.3111734574,389427.3335649964,1697861.9226103963,1211452.764156483,364148.8741880409,135791.216972363,590189.2922991203,737736.6153739005,2452859.411027333,1697861.9226103963,250.0,250.0,0.0,0.0,2.0,39.13777867452004,29.251500000000007,135.01006953195906,34.56377742349644,0.0,100.0,80.01203666339443,100.0,0.7259089068825977,69.482744300805,70.98107077008797,65.56337202454931,anchored_reference_linear,anchored_reference_v1,absolute_comparable_inter_release,contextual_comparable_inter_release,contextual_comparable_inter_release,1401955.224829067,51.39417018454855,Tier 4,0,0,branch_and_bound_binary_selection,solved_exact,exact_for_formulation,BACKLOG,dominada_por_funcion_objetivo,0.0,0.0,OLA_11,Optimización incremental orientada a valor,analizar técnicamente
INI_0000025,PLT_ALA,PLT_ALA_L03,EficienciaEnergetica,QuickWinOperativo,1,discretionary,0,0,0,screening,screening financiero,0,No committee-grade: usar solo para screening/pre-feasibility.,42037.59,663214.7323571064,163655.9957298454,471784.9814589724,339685.1866504601,471784.9814589724,2027666.3085785776,1448149.2169765765,441160.53252958646,161635.38908361585,702512.0862077038,878140.1077596298,2838040.498331115,2027666.3085785776,250.0,250.0,0.0,0.0,4.0,37.452617277918385,49.64375,40.37954697315553,44.97571018181048,0.0,100.0,97.24196502308956,100.0,34.5050354251012,79.60400321606537,59.74879137922962,64.65294875070077,anchored_reference_linear,anchored_reference_v1,absolute_comparable_inter_release,contextual_comparable_inter_release,contextual_comparable_inter_release,1677887.1946621544,59.60484848646507,Tier 3,1,1,branch_and_bound_binary_selection,solved_exact,exact_for_formulation,OLA_1,seleccionada_modelo_optimizacion,2027666.3085785776,1448149.2169765765,OLA_12,Optimización incremental orientada a valor,ejecutar ahora
INI_0000027,PLT_ALA,PLT_ALA_L03,OptimizacionProceso,ControlAvanzado,0,discretionary,0,0,0,screening,screening financiero,0,No committee-grade: usar solo para screening/pre-feasibility.,212192.64,1016568.111937515,292449.5201635811,585579.3433527395,416206.9285854523,585579.3433527395,2238722.3063198663,1529821.9880971063,536840.9467336764,203532.93840745612,837195.32234143,1046494.1529267876,3876683.568857493,2238722.3063198663,250.0,250.0,221.9637821309192,0.0,10.0,66.22140493182715,59.567000000000014,8.410440374040462,58.675924198376336,0.0,100.0,41.48974350062757,86.66666666666667,50.294376518218634,81.37463114695798,46.280467765857,63.04912400903797,anchored_reference_linear,anchored_reference_v1,absolute_comparable_inter_release,contextual_comparable_inter_release,contextual_comparable_inter_release,1789167.2043979813,53.887477762232216,Tier 3,1,1,branch_and_bound_binary_selection,solved_exact,exact_for_formulation,OLA_2,seleccionada_modelo_optimizacion,2238722.3063198663,1529821.9880971063,OLA_13,Optimización incremental orientada a valor,ejecutar en siguiente ola
INI_0000023,PLT_ALA,PLT_ALA_L02,OptimizacionProceso,ControlAvanzado,0,discretionary,0,0,0,screening,screening financiero,0,No committee-grade: usar solo para screening/pre-feasibility.,222808.96,996703.4115078016,269461.7830588388,577624.6973829443,412193.5917199199,577624.6973829443,2194812.187757183,1502408.0344032128,529548.3744771034,199555.4130187963,820834.9135902014,1026043.6419877516,3809366.9403766342,2194812.187757183,247.60338513351107,247.60338513351107,210.42433885600244,0.0,10.0,61.33840729319482,51.231,7.889646091492192,57.830311442545614,0.0,100.0,53.033934738946606,86.66666666666667,36.553129554655875,80.26243038850568,47.916508640979856,60.6199175119048,anchored_reference_linear,anchored_reference_v1,absolute_comparable_inter_release,contextual_comparable_inter_release,contextual_comparable_inter_release,1757628.528483532,53.9473596647366,Tier 3,1,1,branch_and_bound_binary_selection,solved_exact,exact_for_formulation,OLA_2,seleccionada_modelo_optimizacion,2194812.187757183,1502408.0344032128,OLA_14,Optimización incremental orientada a valor,ejecutar en siguiente ola
INI_0000005,PLT_BIZ,PLT_BIZ_L02,EficienciaEnergetica,QuickWinOperativo,1,discretionary,0,0,0,screening,screening financiero,0,No committee-grade: usar solo para screening/pre-feasibility.,22150.41,586422.9934063718,124665.47461484728,406549.9648842733,290629.74068782345,406549.9648842733,1761369.7959333418,1252831.9039437494,380160.0433604045,142921.81972810798,621170.8362136453,776463.5452670566,2492374.5972715984,1761369.7959333418,250.0,250.0,0.0,0.0,3.0,35.917139555564525,38.203,67.01927891031723,37.14974341298546,0.0,100.0,97.88174740740368,100.0,14.516999999999992,71.04797513460286,67.88291637863547,60.56040640153846,anchored_reference_linear,anchored_reference_v1,absolute_comparable_inter_release,contextual_comparable_inter_release,contextual_comparable_inter_release,1449841.2711131582,55.76286581581203,Tier 3,0,0,branch_and_bound_binary_selection,solved_exact,exact_for_formulation,BACKLOG,dominada_por_funcion_objetivo,0.0,0.0,OLA_15,Optimización incremental orientada a valor,analizar técnicamente
INI_0000011,PLT_BIZ,PLT_BIZ_L03,OptimizacionProceso,ControlAvanzado,0,discretionary,0,0,0,pre_feasibility,pre-feasibility,0,No committee-grade: usar solo para screening/pre-feasibility.,251616.61,1009261.2809034336,250026.40023656425,575912.2238113972,409271.7544964793,575912.2238113972,2158837.0597384875,1461371.1713974338,527978.431917069,202069.2418723671,831175.9123449994,1038969.890431249,3806046.613705589,2158837.0597384875,235.507451687259,235.507451687259,189.64410245793545,1.0,11.0,66.62981413519672,57.25525,6.878066206481648,58.13519624131438,0.0,100.0,41.04579542977914,83.33333333333333,47.31143016194332,77.97235783025259,46.88240876550006,59.980403881166566,anchored_reference_linear,anchored_reference_v1,absolute_comparable_inter_release,contextual_comparable_inter_release,contextual_comparable_inter_release,1710972.0200946534,52.71477393358154,Tier 3,1,1,branch_and_bound_binary_selection,solved_exact,exact_for_formulation,OLA_2,seleccionada_modelo_optimizacion,2158837.0597384875,1461371.1713974338,OLA_16,Optimización incremental orientada a valor,ejecutar en siguiente ola
INI_0000016,PLT_BIZ,PLT_BIZ_L04,TransformacionIndustrial,CAPEXTransformacional,0,discretionary,0,0,0,business_case_candidate,business case candidate (no final),1,Candidato para comité con caveat: requiere business case corporativo auditado.,1474484.18,2788837.3119494566,597685.6015702256,1113410.0688432476,797678.3414500449,1113410.0688432476,2498829.545976481,1372109.7135601891,958302.297874048,384379.8631586067,1291953.7816409084,1614942.2270511356,7766501.747892341,2498829.545976481,88.71538842622667,88.71538842622667,46.54441317835423,1.0,32.0,92.57849827930735,95.233,1.141010757638096,100.0,2.1526246781620433,100.0,1.4639300225108371,13.333333333333329,100.0,65.1244163173345,0.8046218359091597,59.695084341520705,anchored_reference_linear,anchored_reference_v1,absolute_comparable_inter_release,contextual_comparable_inter_release,contextual_comparable_inter_release,1715690.2902739155,48.753141587108686,Tier 4,1,1,branch_and_bound_binary_selection,solved_exact,exact_for_formulation,OLA_2,seleccionada_modelo_optimizacion,2498829.545976481,1372109.7135601891,OLA_17,Candidato business case (requiere cierre financiero corporativo),ejecutar en siguiente ola
INI_0000014,PLT_BIZ,PLT_BIZ_L04,Confiabilidad,MantenimientoPredictivo,0,reliability-protection,0,0,1,screening,screening financiero,0,No committee-grade: usar solo para screening/pre-feasibility.,131768.54,745211.702716236,409068.9006441691,491420.96063789784,353587.31038903975,491420.96063789784,1944626.597712371,1362239.7153572238,452299.0760086228,157363.60476062202,654775.9320600603,818469.9150750755,2957669.913458211,1944626.597712371,250.0,250.0,122.68296624207892,0.0,8.0,56.890664034391634,60.42125,11.282902390640698,43.28040296113765,0.0,100.0,55.51938623567015,93.33333333333331,53.63725202429151,76.0548920880349,64.52240679399397,58.256650732168126,anchored_reference_linear,anchored_reference_v1,absolute_comparable_inter_release,contextual_comparable_inter_release,contextual_comparable_inter_release,1594175.7081220385,54.46935348409363,Tier 3,1,1,branch_and_bound_binary_selection,solved_exact,exact_for_formulation,OLA_2,seleccionada_modelo_optimizacion,1944626.597712371,1362239.7153572238,OLA_18,Confiabilidad y disponibilidad estructural,ejecutar en siguiente ola
INI_0000003,PLT_BIZ,PLT_BIZ_L01,OptimizacionProceso,ControlAvanzado,0,discretionary,0,0,0,screening,screening financiero,0,No committee-grade: usar solo para screening/pre-feasibility.,211708.36,918378.90360427,227576.4248576412,555914.4796750097,398600.4161999536,555914.4796750097,2115045.687214358,1456615.0341968169,509645.1214672015,190675.61398185728,784306.9435271895,980383.679408987,3529205.306213091,2115045.687214358,248.6366571490875,248.6366571490875,213.3268484892494,0.0,10.0,66.2159290071447,43.5795,8.065353197687871,55.264616957534045,0.0,100.0,48.43983263591193,86.66666666666667,22.19888056680161,78.56970343758667,51.56930564728104,57.636943468982665,anchored_reference_linear,anchored_reference_v1,absolute_comparable_inter_release,contextual_comparable_inter_release,contextual_comparable_inter_release,1703367.0978293344,51.40551669981017,Tier 4,1,1,branch_and_bound_binary_selection,solved_exact,exact_for_formulation,OLA_2,seleccionada_modelo_optimizacion,2115045.687214358,1456615.0341968169,OLA_19,Optimización incremental orientada a valor,ejecutar en siguiente ola
INI_0000001,PLT_BIZ,PLT_BIZ_L01,EficienciaEnergetica,QuickWinOperativo,1,discretionary,0,0,0,screening,screening financiero,0,No committee-grade: usar solo para screening/pre-feasibility.,32927.74,603388.8767211421,126793.56285618874,423548.2234278249,304298.7254014739,423548.2234278249,1825163.2203220008,1302019.922700646,396054.9130274262,147056.93648727942,639142.7976928598,798928.4971160747,2577268.839540138,1825163.2203220008,250.0,250.0,0.0,0.0,3.0,36.867263726649114,32.174,46.762135828817605,39.24643278236067,0.0,100.0,97.48586233611844,100.0,4.496931174089073,73.24765620181083,66.08572023071403,57.62909845597708,anchored_reference_linear,anchored_reference_v1,absolute_comparable_inter_release,contextual_comparable_inter_release,contextual_comparable_inter_release,1507481.298987145,55.236909234961544,Tier 3,0,0,branch_and_bound_binary_selection,solved_exact,exact_for_formulation,BACKLOG,dominada_por_funcion_objetivo,0.0,0.0,OLA_20,Optimización incremental orientada a valor,analizar técnicamente
INI_0000041,PLT_CAN,PLT_CAN_L03,EficienciaEnergetica,QuickWinOperativo,1,discretionary,0,0,0,screening,screening financiero,0,No committee-grade: usar solo para screening/pre-feasibility.,35045.7,591709.3270115252,134078.7202732168,411663.6971219885,294311.0147091984,411663.6971219885,1770908.2669995718,1256086.231869724,384941.83363746665,144209.48883368904,626770.3476352436,783462.9345440544,2501934.6770778117,1770908.2669995718,250.0,250.0,0.0,0.0,4.0,42.016658004072355,45.17575,42.38663766672068,37.63359711234393,0.0,100.0,85.75694805385875,100.0,26.499189271255062,71.11410705256012,67.32296523647565,57.38408730150338,anchored_reference_linear,anchored_reference_v1,absolute_comparable_inter_release,contextual_comparable_inter_release,contextual_comparable_inter_release,1454644.056515635,55.33339969657907,Tier 3,0,0,branch_and_bound_binary_selection,solved_exact,exact_for_formulation,BACKLOG,dominada_por_funcion_objetivo,0.0,0.0,OLA_21,Optimización incremental orientada a valor,analizar técnicamente
INI_0000018,PLT_ALA,PLT_ALA_L01,Confiabilidad,MantenimientoPredictivo,0,reliability-protection,0,0,1,screening,screening financiero,0,No committee-grade: usar solo para screening/pre-feasibility.,147822.27,760974.072867556,438769.8794492799,503297.01877637015,356762.3802450998,503297.01877637015,1978752.634855196,1359601.5702408275,463229.6844948442,166328.6478733672,692077.5979477735,865096.9974347169,2926058.685004915,1978752.634855196,250.0,250.0,183.81820438079785,0.0,8.0,62.166185335834896,53.480500000000006,10.05017012863172,44.613055335882095,0.0,100.0,46.8208792350688,93.33333333333331,42.64334615384617,75.2500728714427,60.792240205222654,56.73603676545515,anchored_reference_linear,anchored_reference_v1,absolute_comparable_inter_release,contextual_comparable_inter_release,contextual_comparable_inter_release,1592634.0993826345,52.114410474928306,Tier 3,1,1,branch_and_bound_binary_selection,solved_exact,exact_for_formulation,OLA_2,seleccionada_modelo_optimizacion,1978752.634855196,1359601.5702408275,OLA_22,Confiabilidad y disponibilidad estructural,ejecutar en siguiente ola
INI_0000035,PLT_CAN,PLT_CAN_L01,OptimizacionProceso,ControlAvanzado,0,discretionary,0,0,0,pre_feasibility,pre-feasibility,0,No committee-grade: usar solo para screening/pre-feasibility.,424095.35,1086674.6512425574,322956.0283574175,601233.1525014171,428312.05726583354,601233.1525014171,2092337.8821761715,1368584.7278720308,551191.8725625305,207222.76516270655,852378.5412678882,1065473.17658486,3956729.3844631775,2092337.8821761715,164.29609316136612,164.29609316136612,122.33022125727445,1.0,14.0,67.88096430965086,44.73125,3.8251919183590535,60.37935248669104,0.0,100.0,32.3822693848677,73.33333333333333,25.92563259109312,72.83348735726429,44.76214587321118,53.830002135538344,anchored_reference_linear,anchored_reference_v1,absolute_comparable_inter_release,contextual_comparable_inter_release,contextual_comparable_inter_release,1615319.2966682238,47.971028958448095,Tier 4,0,0,branch_and_bound_binary_selection,solved_exact,exact_for_formulation,BACKLOG,dominada_por_funcion_objetivo,0.0,0.0,OLA_23,Optimización incremental orientada a valor,mantener en pipeline
INI_0000038,PLT_CAN,PLT_CAN_L02,Confiabilidad,MantenimientoPredictivo,0,reliability-protection,0,0,1,screening,screening financiero,0,No committee-grade: usar solo para screening/pre-feasibility.,194273.08,706406.2092155762,393433.78000425553,473917.032226863,338469.1830554413,473917.032226863,1808162.91727123,1235856.731820643,436188.63042128854,154400.95475277278,642446.5176073548,803058.1470091934,2693687.4635066465,1808162.91727123,240.1181759798791,240.1181759798791,197.3011764467498,0.0,10.0,62.821064861211354,59.4465,6.987313555536847,41.21319673147004,0.0,100.0,46.22543769671748,86.66666666666667,52.379491902834026,69.7949665702964,65.75534823926452,52.752414953939294,anchored_reference_linear,anchored_reference_v1,absolute_comparable_inter_release,contextual_comparable_inter_release,contextual_comparable_inter_release,1451162.6350330494,51.276967365503374,Tier 4,1,1,branch_and_bound_binary_selection,solved_exact,exact_for_formulation,OLA_2,seleccionada_modelo_optimizacion,1808162.91727123,1235856.731820643,OLA_24,Confiabilidad y disponibilidad estructural,ejecutar en siguiente ola
INI_0000007,PLT_BIZ,PLT_BIZ_L02,OptimizacionProceso,ControlAvanzado,0,discretionary,0,0,0,screening,screening financiero,0,No committee-grade: usar solo para screening/pre-feasibility.,232285.42,892245.7054012866,222968.36860658223,512167.1400376948,364748.1840975335,512167.1400376948,1911366.1838034748,1294351.040448315,469538.9198148176,178641.35624679853,734809.7160129448,918512.145016181,3365601.473633466,1911366.1838034748,231.4245776934389,231.4245776934389,183.21648780397595,1.0,11.0,61.43823078615249,49.76775,6.59019383390525,49.848116544399495,0.0,100.0,52.92653286688092,83.33333333333333,32.42443623481782,71.13686963500261,56.51902839870552,52.57924756347239,anchored_reference_linear,anchored_reference_v1,absolute_comparable_inter_release,contextual_comparable_inter_release,contextual_comparable_inter_release,1516127.877371166,51.12661020114761,Tier 4,0,0,branch_and_bound_binary_selection,solved_exact,exact_for_formulation,BACKLOG,dominada_por_funcion_objetivo,0.0,0.0,OLA_25,Optimización incremental orientada a valor,analizar técnicamente
INI_0000029,PLT_ALA,PLT_ALA_L04,EficienciaEnergetica,QuickWinOperativo,1,discretionary,0,0,0,screening,screening financiero,0,No committee-grade: usar solo para screening/pre-feasibility.,34303.97,566138.3914512194,120011.8113940073,392954.76192214165,280996.099173302,392954.76192214165,1689574.5650906728,1198415.90197611,367447.33054772834,137978.13092127276,599684.75159911,749605.9394988873,2394021.9645292633,1689574.5650906728,250.0,250.0,0.0,0.0,4.0,41.96539157004016,28.43950000000001,41.4379137516503,35.349930627715324,0.0,100.0,85.77830906803882,100.0,0.0,68.64279623072676,70.031524840089,52.521572207423254,anchored_reference_linear,anchored_reference_v1,absolute_comparable_inter_release,contextual_comparable_inter_release,contextual_comparable_inter_release,1387654.844909629,52.14512050854651,Tier 3,0,0,branch_and_bound_binary_selection,solved_exact,exact_for_formulation,BACKLOG,dominada_por_funcion_objetivo,0.0,0.0,OLA_26,Optimización incremental orientada a valor,analizar técnicamente
INI_0000034,PLT_CAN,PLT_CAN_L01,Confiabilidad,MantenimientoPredictivo,0,reliability-protection,0,0,1,screening,screening financiero,0,No committee-grade: usar solo para screening/pre-feasibility.,180678.76,713476.9231910054,421039.1996751769,474182.1567700705,340991.18227407744,474182.1567700705,1822877.4648490075,1260107.225110632,436432.64847408934,150663.746315988,626900.6938911071,783625.867363884,2772111.683055385,1822877.4648490075,245.40638155087015,245.40638155087015,208.89177664070183,0.0,9.0,62.6472058008989,41.13325,7.561169594264602,40.69184192707568,0.0,100.0,43.197839527403225,90.0,21.28298481781376,71.31761510167506,67.3099306108893,50.67748695038852,anchored_reference_linear,anchored_reference_v1,absolute_comparable_inter_release,contextual_comparable_inter_release,contextual_comparable_inter_release,1479289.662054093,48.28472174785383,Tier 4,1,1,branch_and_bound_binary_selection,solved_exact,exact_for_formulation,OLA_2,seleccionada_modelo_optimizacion,1822877.4648490075,1260107.225110632,OLA_27,Confiabilidad y disponibilidad estructural,ejecutar en siguiente ola
INI_0000026,PLT_ALA,PLT_ALA_L03,Confiabilidad,MantenimientoPredictivo,0,reliability-protection,0,0,1,screening,screening financiero,0,No committee-grade: usar solo para screening/pre-feasibility.,106763.12,660195.8983990606,382916.6419373712,425085.8484092959,302144.6005426197,425085.8484092959,1689347.0573145065,1169884.8655445538,391244.883430067,139411.88717330847,580081.8246694913,725102.280836864,2575127.8078074455,1689347.0573145065,250.0,250.0,129.72181971542682,0.0,8.0,56.386339305768445,46.050999999999995,11.930123159690586,35.13618543032116,0.0,100.0,55.90317028926316,93.33333333333331,29.869161943319835,67.5312109197366,71.99181753305088,49.15079934718622,anchored_reference_linear,anchored_reference_v1,absolute_comparable_inter_release,contextual_comparable_inter_release,contextual_comparable_inter_release,1369180.7626046007,50.11322726484977,Tier 4,1,1,branch_and_bound_binary_selection,solved_exact,exact_for_formulation,OLA_3,seleccionada_modelo_optimizacion,1689347.0573145065,1169884.8655445538,OLA_28,Confiabilidad y disponibilidad estructural,ejecutar en siguiente ola
INI_0000010,PLT_BIZ,PLT_BIZ_L03,Confiabilidad,MantenimientoPredictivo,0,reliability-protection,0,0,1,screening,screening financiero,0,No committee-grade: usar solo para screening/pre-feasibility.,101707.1,617391.766235004,326641.25528836023,404307.8630853536,286575.36046106124,404307.8630853536,1606610.1031562816,1109156.3606816733,372121.0276809335,134945.09709430195,561492.2356463484,701865.2945579354,2393311.5980722867,1606610.1031562816,250.0,250.0,129.94451170359525,0.0,8.0,61.27006785882776,55.218250000000005,12.033666299946065,33.226064262875084,0.0,100.0,51.26450575326622,93.33333333333331,44.68300506072876,64.75058897121596,73.85077643536516,48.47598598822452,anchored_reference_linear,anchored_reference_v1,absolute_comparable_inter_release,contextual_comparable_inter_release,contextual_comparable_inter_release,1297229.8439546293,50.396649647348674,Tier 4,1,1,branch_and_bound_binary_selection,solved_exact,exact_for_formulation,OLA_3,seleccionada_modelo_optimizacion,1606610.1031562816,1109156.3606816733,OLA_29,Confiabilidad y disponibilidad estructural,ejecutar en siguiente ola
INI_0000043,PLT_CAN,PLT_CAN_L03,OptimizacionProceso,ControlAvanzado,0,discretionary,0,0,0,pre_feasibility,pre-feasibility,0,No committee-grade: usar solo para screening/pre-feasibility.,376714.76,903923.0777033533,240592.59499611065,525503.987510699,375570.5335474365,525503.987510699,1822757.5949611603,1195218.137766607,481765.72717256425,180979.72798651172,744427.6149601399,930534.5187001748,3281412.40519408,1822757.5949611603,162.64147810050412,162.64147810050412,121.1935545627398,1.0,14.0,62.597038704232986,45.19325,3.7895431333620886,51.18957809442795,0.0,100.0,51.44071470656958,73.33333333333333,26.521770242914982,65.88047335585564,55.557238503986014,47.821675647553725,anchored_reference_linear,anchored_reference_v1,absolute_comparable_inter_release,contextual_comparable_inter_release,contextual_comparable_inter_release,1410359.4731704716,48.81327434792155,Tier 4,0,0,branch_and_bound_binary_selection,solved_exact,exact_for_formulation,BACKLOG,dominada_por_funcion_objetivo,0.0,0.0,OLA_30,Optimización incremental orientada a valor,mantener en pipeline
INI_0000047,PLT_CAN,PLT_CAN_L04,OptimizacionProceso,ControlAvanzado,0,discretionary,0,0,0,pre_feasibility,pre-feasibility,0,No committee-grade: usar solo para screening/pre-feasibility.,328251.49,873006.8066290402,217089.3951277396,509807.03196915094,365537.89960426866,509807.03196915094,1805521.9918960223,1201690.2877563266,467375.24607138056,174789.7362068494,718966.6695494652,898708.3369368314,3223545.4243449,1805521.9918960223,181.5082879827376,181.5082879827376,133.76984451967644,1.0,13.0,62.26700681058056,41.2555,4.359563648014057,49.34359595214262,0.0,100.0,48.16477848170255,76.66666666666667,19.200127530364377,66.66937565778173,58.10333304505348,47.498838525389395,anchored_reference_linear,anchored_reference_v1,absolute_comparable_inter_release,contextual_comparable_inter_release,contextual_comparable_inter_release,1414610.0603349232,47.884938479384715,Tier 4,0,0,branch_and_bound_binary_selection,solved_exact,exact_for_formulation,BACKLOG,dominada_por_funcion_objetivo,0.0,0.0,OLA_31,Optimización incremental orientada a valor,mantener en pipeline
INI_0000031,PLT_ALA,PLT_ALA_L04,OptimizacionProceso,ControlAvanzado,0,discretionary,0,0,0,pre_feasibility,pre-feasibility,0,No committee-grade: usar solo para screening/pre-feasibility.,307450.01,861794.7443016589,215125.5009333125,497925.3127087059,355454.89760657493,497925.3127087059,1776593.0917964303,1180289.834610208,456482.4550448386,172544.90185523222,709732.6776980652,887165.8471225814,3176504.4296885235,1776593.0917964303,188.0619324399613,188.0619324399613,139.0702909634274,1.0,13.0,62.110107181595176,44.272499999999994,4.577023235969608,47.92042022490244,0.0,100.0,52.12460804933535,76.66666666666667,23.093087044534418,65.73765706771961,59.02673223019348,47.16842799359992,anchored_reference_linear,anchored_reference_v1,absolute_comparable_inter_release,contextual_comparable_inter_release,contextual_comparable_inter_release,1388433.978648593,48.506207516924455,Tier 4,0,0,branch_and_bound_binary_selection,solved_exact,exact_for_formulation,BACKLOG,dominada_por_funcion_objetivo,0.0,0.0,OLA_32,Optimización incremental orientada a valor,mantener en pipeline
INI_0000022,PLT_ALA,PLT_ALA_L02,Confiabilidad,MantenimientoPredictivo,0,reliability-protection,0,0,1,screening,screening financiero,0,No committee-grade: usar solo para screening/pre-feasibility.,120308.12,630826.6682908244,352346.55922134547,384629.7030179316,272911.0852123774,384629.7030179316,1504863.1875679414,1032819.8410605312,354009.4404086054,127203.04529783405,529283.7350243438,661604.6687804298,2437364.8592326827,1504863.1875679414,250.0,250.0,173.79965253696128,0.0,8.0,61.67259639215502,55.30925,9.4159219738054,30.506560474499015,0.0,100.0,37.07872289215764,93.33333333333331,44.80042611336033,61.41397010186695,77.07162649756562,45.30154039178746,anchored_reference_linear,anchored_reference_v1,absolute_comparable_inter_release,contextual_comparable_inter_release,contextual_comparable_inter_release,1210116.4316862554,47.738070511178535,Tier 4,1,1,branch_and_bound_binary_selection,solved_exact,exact_for_formulation,OLA_3,seleccionada_modelo_optimizacion,1504863.1875679414,1032819.8410605312,OLA_33,Confiabilidad y disponibilidad estructural,ejecutar en siguiente ola
INI_0000042,PLT_CAN,PLT_CAN_L03,Confiabilidad,MantenimientoPredictivo,0,reliability-protection,0,0,1,screening,screening financiero,0,No committee-grade: usar solo para screening/pre-feasibility.,92001.19,566782.8192557541,312774.44280966255,366079.1863980584,261108.06855638203,366079.1863980584,1454788.840421036,1011255.6252245168,336935.7252057367,119686.17690350418,498004.0940472415,622505.117559052,2223787.110383497,1454788.840421036,250.0,250.0,129.8711429840023,0.0,8.0,51.0297009224755,42.830749999999995,12.021662003327895,28.26947189616228,0.0,100.0,67.82094968507965,93.33333333333331,23.47333906882591,60.86956905848117,80.19959059527585,42.93671514476858,anchored_reference_linear,anchored_reference_v1,absolute_comparable_inter_release,contextual_comparable_inter_release,contextual_comparable_inter_release,1183114.612721255,49.59509358359087,Tier 4,1,1,branch_and_bound_binary_selection,solved_exact,exact_for_formulation,OLA_3,seleccionada_modelo_optimizacion,1454788.840421036,1011255.6252245168,OLA_34,Confiabilidad y disponibilidad estructural,ejecutar en siguiente ola
INI_0000002,PLT_BIZ,PLT_BIZ_L01,Confiabilidad,MantenimientoPredictivo,0,reliability-protection,0,0,1,screening,screening financiero,0,No committee-grade: usar solo para screening/pre-feasibility.,93007.18,559831.47290258,295295.00107177556,360506.7250974221,257296.95266893055,360506.7250974221,1430237.595992507,994146.5726125952,331806.88598386105,118218.57521399572,491897.18725288054,614871.4840661007,2196850.795780625,1430237.595992507,250.0,250.0,127.03791392166748,0.0,8.0,61.055764210621646,35.645,11.749287434663064,27.793952627952653,0.0,100.0,44.46977060668542,93.33333333333331,12.039615384615384,60.10179009905508,80.81028127471194,41.133391234293,anchored_reference_linear,anchored_reference_v1,absolute_comparable_inter_release,contextual_comparable_inter_release,contextual_comparable_inter_release,1162927.819919072,45.04731583537625,Tier 4,0,0,branch_and_bound_binary_selection,solved_exact,exact_for_formulation,BACKLOG,dominada_por_funcion_objetivo,0.0,0.0,OLA_35,Confiabilidad y disponibilidad estructural,mantener en pipeline
INI_0000040,PLT_CAN,PLT_CAN_L02,TransformacionIndustrial,CAPEXTransformacional,0,discretionary,0,0,0,business_case_candidate,business case candidate (no final),1,Candidato para comité con caveat: requiere business case corporativo auditado.,1823819.02,2617484.981704646,576854.3379496709,1048731.194077231,751907.3031224329,1048731.194077231,1918681.757468192,859436.4056152755,902633.7566540316,360762.9452745176,1212577.5729197103,1515721.9661496382,6838469.527096511,1918681.757468192,67.42132162569092,67.42132162569092,35.24431389253589,1.0,38.0,93.08807560875108,92.93175,0.6281081323602613,100.0,7.7081135028601935,100.0,0.0,0.0,98.5718532388664,40.25817337000017,8.74224270802894,40.88853507580823,anchored_reference_linear,anchored_reference_v1,absolute_comparable_inter_release,contextual_comparable_inter_release,contextual_comparable_inter_release,1140208.0724203477,45.79499765388323,Tier 4,0,0,branch_and_bound_binary_selection,solved_exact,exact_for_formulation,BACKLOG,dominada_por_funcion_objetivo,0.0,0.0,OLA_36,Candidato business case (requiere cierre financiero corporativo),mantener en pipeline
INI_0000006,PLT_BIZ,PLT_BIZ_L02,Confiabilidad,MantenimientoPredictivo,0,reliability-protection,0,0,1,screening,screening financiero,0,No committee-grade: usar solo para screening/pre-feasibility.,111259.07,547334.2923353462,291031.76286074944,353061.03073832695,252111.01621427535,353061.03073832695,1380525.5022111111,953982.6070166468,324953.9412610922,115579.24679672207,480915.0843965103,601143.855495638,2128529.049838094,1380525.5022111111,250.0,250.0,172.8138448953291,0.0,8.0,61.485195905557376,41.936499999999995,9.435918934242228,26.868044085882353,0.0,100.0,44.16409149768443,93.33333333333331,22.319451417004053,58.23919049546949,81.90849156034898,40.29873133301565,anchored_reference_linear,anchored_reference_v1,absolute_comparable_inter_release,contextual_comparable_inter_release,contextual_comparable_inter_release,1117384.076956609,45.726955311720594,Tier 4,0,0,branch_and_bound_binary_selection,solved_exact,exact_for_formulation,BACKLOG,dominada_por_funcion_objetivo,0.0,0.0,OLA_37,Confiabilidad y disponibilidad estructural,mantener en pipeline
INI_0000012,PLT_BIZ,PLT_BIZ_L03,TransformacionIndustrial,CAPEXTransformacional,0,discretionary,0,0,0,business_case_candidate,business case candidate (no final),1,Candidato para comité con caveat: requiere business case corporativo auditado.,1602956.16,2372617.4147341,477571.38596008194,947201.5732633282,679343.0099857096,947201.5732633282,1777226.1444619438,821346.4233480346,815248.1009545751,327013.2031024423,1099131.2620681091,1373914.0775851363,6253846.84564527,1777226.1444619438,69.58609045430299,69.58609045430299,36.45957728131286,1.0,38.0,92.7787139842328,83.618,0.6808533544949016,100.0,0.0,100.0,0.4883402843474584,0.0,84.31333603238863,40.34105732281371,20.0868737931891,38.38210123862942,anchored_reference_linear,anchored_reference_v1,absolute_comparable_inter_release,contextual_comparable_inter_release,contextual_comparable_inter_release,1078773.778770385,43.73901940292023,Tier 4,0,0,branch_and_bound_binary_selection,solved_exact,exact_for_formulation,BACKLOG,dominada_por_funcion_objetivo,0.0,0.0,OLA_38,Candidato business case (requiere cierre financiero corporativo),mantener en pipeline
INI_0000048,PLT_CAN,PLT_CAN_L04,TransformacionIndustrial,CAPEXTransformacional,0,discretionary,0,0,0,business_case_candidate,business case candidate (no final),1,Candidato para comité con caveat: requiere business case corporativo auditado.,1359683.15,2052275.051610864,414858.64943010296,874357.6934379595,628484.8268208308,874357.6934379595,1760548.579500629,883126.9869422101,752552.0113680713,300058.60552135156,1008511.581541476,1260639.476926845,5452285.35031093,1760548.579500629,75.62332830034407,75.62332830034407,39.79293956280056,1.0,36.0,87.38423762417803,64.49024999999999,0.8299311472782589,96.61548102741126,0.0,100.0,20.95321244825918,0.0,49.180883603238854,45.13579996866272,29.148841845852388,37.403557181446,anchored_reference_linear,anchored_reference_v1,absolute_comparable_inter_release,contextual_comparable_inter_release,contextual_comparable_inter_release,1133670.711071473,43.43714481617984,Tier 4,0,0,branch_and_bound_binary_selection,solved_exact,exact_for_formulation,BACKLOG,dependencia_no_satisfecha,0.0,0.0,OLA_39,Candidato business case (requiere cierre financiero corporativo),mantener en pipeline
INI_0000030,PLT_ALA,PLT_ALA_L04,Confiabilidad,MantenimientoPredictivo,0,reliability-protection,0,0,1,screening,screening financiero,0,No committee-grade: usar solo para screening/pre-feasibility.,137063.15,527289.0211829238,279667.33947971,336025.93979041354,238740.1751583444,336025.93979041354,1282743.2551243408,871682.8713986576,309275.0091181436,111346.69532870552,463303.9184962227,579129.8981202785,2001809.0156713424,1282743.2551243408,240.7988958126706,240.7988958126706,199.20373306502597,0.0,10.0,61.985077452668904,36.8455,7.036761547983504,24.85778914786704,0.0,100.0,43.77661251972128,86.66666666666667,13.50972267206478,54.334764475758426,83.66960815037773,36.013523353810676,anchored_reference_linear,anchored_reference_v1,absolute_comparable_inter_release,contextual_comparable_inter_release,contextual_comparable_inter_release,1023244.1118721012,43.30490878613938,Tier 4,0,0,branch_and_bound_binary_selection,solved_exact,exact_for_formulation,BACKLOG,dominada_por_funcion_objetivo,0.0,0.0,OLA_40,Confiabilidad y disponibilidad estructural,mantener en pipeline
INI_0000046,PLT_CAN,PLT_CAN_L04,Confiabilidad,MantenimientoPredictivo,0,reliability-protection,0,0,1,screening,screening financiero,0,No committee-grade: usar solo para screening/pre-feasibility.,126327.15,533066.9421708722,281894.14062377147,338008.8936864076,239708.54161959348,338008.8936864076,1301857.80662651,886510.4986850707,311100.10061151744,112566.6951996188,468380.1646120364,585475.2057650455,2030121.924835207,1301857.80662651,247.0023118173242,247.0023118173242,215.7318665835351,0.0,9.0,51.78959517206734,29.36875,7.766911229499831,25.142314448554988,0.0,100.0,67.26595235886083,90.0,0.8772014170040549,55.00405099759506,83.16198353879636,35.41263948399838,anchored_reference_linear,anchored_reference_v1,absolute_comparable_inter_release,contextual_comparable_inter_release,contextual_comparable_inter_release,1039769.2848393716,45.82354047373921,Tier 4,0,0,branch_and_bound_binary_selection,solved_exact,exact_for_formulation,BACKLOG,dominada_por_funcion_objetivo,0.0,0.0,OLA_41,Confiabilidad y disponibilidad estructural,mantener en pipeline
INI_0000004,PLT_BIZ,PLT_BIZ_L01,TransformacionIndustrial,CAPEXTransformacional,0,discretionary,0,0,0,business_case_candidate,business case candidate (no final),1,Candidato para comité con caveat: requiere business case corporativo auditado.,1442465.83,2160543.7126827054,436144.7793916686,868332.7365861806,624226.77415559,868332.7365861806,1656265.2463024235,785149.0257298617,747366.383756809,297784.77431807393,1000895.1723722623,1251118.965465328,5730070.898728602,1656265.2463024235,70.76122522430218,70.76122522430218,37.125655062156326,1.0,37.0,87.52588270996,50.05799999999999,0.7124836542809482,95.79094965500428,0.0,100.0,13.374869495850009,0.0,30.558356275303645,40.2479927126308,29.910482762773768,31.95057513025436,anchored_reference_linear,anchored_reference_v1,absolute_comparable_inter_release,contextual_comparable_inter_release,contextual_comparable_inter_release,1024851.1896313074,39.90593552497973,Tier 4,0,0,branch_and_bound_binary_selection,solved_exact,exact_for_formulation,BACKLOG,dependencia_no_satisfecha,0.0,0.0,OLA_42,Candidato business case (requiere cierre financiero corporativo),descartar
INI_0000032,PLT_ALA,PLT_ALA_L04,TransformacionIndustrial,CAPEXTransformacional,0,discretionary,0,0,0,business_case_candidate,business case candidate (no final),1,Candidato para comité con caveat: requiere business case corporativo auditado.,1434674.61,2027144.860916532,412614.72964177735,857996.241786095,614993.224954575,857996.241786095,1627169.664380168,759989.4140403409,738469.8531827884,296384.5551559237,996163.967780861,1245204.959726076,5269414.535207706,1627169.664380168,70.3765430623628,70.3765430623628,36.90728662074829,1.0,37.0,87.51290278045903,48.937999999999995,0.6990744829877388,94.5855666212996,0.0,100.0,20.37882793869761,0.0,29.11317408906882,39.0426751349711,30.3836032219139,30.894516694930523,anchored_reference_linear,anchored_reference_v1,absolute_comparable_inter_release,contextual_comparable_inter_release,contextual_comparable_inter_release,994822.7412660652,40.40875035139642,Tier 4,0,0,branch_and_bound_binary_selection,solved_exact,exact_for_formulation,BACKLOG,dependencia_no_satisfecha,0.0,0.0,OLA_43,Candidato business case (requiere cierre financiero corporativo),mantener en pipeline
INI_0000044,PLT_CAN,PLT_CAN_L03,TransformacionIndustrial,CAPEXTransformacional,0,discretionary,0,0,0,business_case_candidate,business case candidate (no final),1,Candidato para comité con caveat: requiere business case corporativo auditado.,1504127.07,2116086.358036795,460099.12190173427,846505.8581306604,606637.7348962488,846505.8581306604,1516712.6361869725,660719.5630673112,728580.1805737588,291657.0368289384,980304.1697490654,1225380.212186332,5494331.811960444,1516712.6361869725,66.02786847397154,66.02786847397154,34.43682548156051,1.0,39.0,87.62620152518528,65.99100000000001,0.5938622064781759,92.77706500066915,0.0,100.0,12.904866933950572,0.0,56.3429271255061,34.23657550910664,31.969583025093456,30.003846600655383,anchored_reference_linear,anchored_reference_v1,absolute_comparable_inter_release,contextual_comparable_inter_release,contextual_comparable_inter_release,883919.2553957764,41.338219615853795,Tier 4,0,0,branch_and_bound_binary_selection,solved_exact,exact_for_formulation,BACKLOG,dominada_por_funcion_objetivo,0.0,0.0,OLA_44,Candidato business case (requiere cierre financiero corporativo),mantener en pipeline
INI_0000024,PLT_ALA,PLT_ALA_L02,TransformacionIndustrial,CAPEXTransformacional,0,discretionary,0,0,0,pre_feasibility,pre-feasibility,0,No committee-grade: usar solo para screening/pre-feasibility.,2157364.77,2331623.1416671793,516048.4185672023,943134.1684360688,678657.7927208896,943134.1684360688,1208302.598876672,264492.54790651187,811747.3212316148,321363.68428065546,1080152.9388099697,1350191.1735124618,5566955.585964578,1208302.598876672,51.163534938627826,51.163534938627826,25.18672625702717,1.0,48.0,88.49059736967911,74.32650000000001,0.239190281507466,100.0,0.0789722219326176,100.0,8.008329082078149,0.0,69.33916801619435,12.125080367234814,21.984706119003064,16.45253122766964,anchored_reference_linear,anchored_reference_v1,absolute_comparable_inter_release,contextual_comparable_inter_release,contextual_comparable_inter_release,466824.0633421681,40.600888276921914,Tier 4,0,0,branch_and_bound_binary_selection,solved_exact,exact_for_formulation,BACKLOG,dominada_por_funcion_objetivo,0.0,0.0,OLA_45,Transformación CAPEX con valor downside-adjusted positivo,mantener en pipeline
INI_0000036,PLT_CAN,PLT_CAN_L01,TransformacionIndustrial,CAPEXTransformacional,0,discretionary,0,0,0,pre_feasibility,pre-feasibility,0,No committee-grade: usar solo para screening/pre-feasibility.,2309286.26,2524206.7150281044,617351.0634823804,1016005.6043358336,728141.6802953201,1016005.6043358336,1316430.020409297,289159.19485270546,874467.1280900867,347908.4874986204,1169388.9209983868,1461736.1512479836,6018545.7778268065,1316430.020409297,51.30335601958673,51.30335601958673,25.29231330164837,1.0,48.0,93.65368901387512,63.44650000000001,0.2384627772439595,100.0,0.0,100.0,0.0,0.0,53.05965384615386,11.788365138247466,13.061107900161332,15.487974769678528,anchored_reference_linear,anchored_reference_v1,absolute_comparable_inter_release,contextual_comparable_inter_release,contextual_comparable_inter_release,507733.99717090314,37.26846837244981,Tier 4,0,0,branch_and_bound_binary_selection,solved_exact,exact_for_formulation,BACKLOG,dominada_por_funcion_objetivo,0.0,0.0,OLA_46,Transformación CAPEX con valor downside-adjusted positivo,descartar
INI_0000028,PLT_ALA,PLT_ALA_L03,TransformacionIndustrial,CAPEXTransformacional,0,discretionary,0,0,0,pre_feasibility,pre-feasibility,0,No committee-grade: usar solo para screening/pre-feasibility.,855925.02,347541.85248199763,125262.37231642591,182610.96801515587,126150.8745894322,182610.96801515587,-62227.33229792444,-307624.67116817686,170083.69991137597,66447.07878599124,285581.6393802626,356977.04922532826,520414.2566174385,-62227.33229792444,24.54079064696184,24.54079064696184,10.079991360899108,1.0,999.0,64.26391894527137,74.2635,-0.2663499359634479,7.170656731960983,2.4494225952022384,100.0,37.83499891169249,0.0,69.25787651821862,0.0,100.0,6.925787651821863,anchored_reference_linear,anchored_reference_v1,absolute_comparable_inter_release,contextual_comparable_inter_release,contextual_comparable_inter_release,-299436.8071018035,30.097714912987417,Tier 4,0,0,branch_and_bound_binary_selection,solved_exact,exact_for_formulation,BACKLOG,dominada_por_funcion_objetivo,0.0,0.0,OLA_47,Optimización incremental orientada a valor,descartar
INI_0000008,PLT_BIZ,PLT_BIZ_L02,TransformacionIndustrial,CAPEXTransformacional,0,discretionary,0,0,0,pre_feasibility,pre-feasibility,0,No committee-grade: usar solo para screening/pre-feasibility.,2206381.42,2097035.9019757588,426553.21451905905,839257.1272649958,602355.8882520503,839257.1272649958,788590.4746318134,-56814.97930744988,722341.2613834068,289030.9695833466,971471.1385593744,1214338.9231992178,4711418.593305308,788590.4746318134,44.75000672364086,44.75000672364086,20.694231711220603,1.0,54.0,93.54444038521358,64.75725,0.0815698166185533,92.14508382506136,0.0,100.0,0.0,0.0,54.75096862348179,0.0,32.85288614406258,5.489927738097007,anchored_reference_linear,anchored_reference_v1,absolute_comparable_inter_release,contextual_comparable_inter_release,contextual_comparable_inter_release,93025.77578684736,35.875286796004204,Tier 4,0,0,branch_and_bound_binary_selection,solved_exact,exact_for_formulation,BACKLOG,dependencia_no_satisfecha,0.0,0.0,OLA_48,Optimización incremental orientada a valor,descartar
